コード,銘柄名,市場,業種(17),業種(33),前日比(%),52週安値乖離(%),終値(円),当日出来高,20日平均出来高,RS,Industry Rank,Grade
4112,保土谷化学工業,プライム,素材・化学,化学,5.79,75.4,2412,"71,700","71,180",81,14/33,B
7637,白銅,プライム,商社・卸売,卸売業,5.18,82.9,3855,"113,600","49,070",92,20/33,C
6850,チノー,プライム,電機・精密,電気機器,7.22,64.5,1737,"135,000","49,970",78,3/33,A
6993,大黒屋ホールディングス,スタンダード,小売,小売業,28.24,445.0,109,"54,144,700","7,569,605",99,30/33,E
6976,太陽誘電,プライム,電機・精密,電気機器,13.87,569.6,14815,"27,968,600","7,179,810",99,3/33,A
4238,ミライアル,スタンダード,素材・化学,化学,9.73,52.9,1613,"251,300","46,345",73,14/33,B
6962,大真空,プライム,電機・精密,電気機器,7.26,121.9,1019,"2,325,100","503,060",95,3/33,A
1811,錢高組,スタンダード,建設・資材,建設業,7.88,112.7,8630,"5,300","3,855",92,13/33,B
4499,Ｓｐｅｅｅ,スタンダード,情報通信・サービスその他,情報･通信業,6.57,80.1,3570,"230,400","182,715",92,31/33,E
4043,トクヤマ,プライム,素材・化学,化学,7.90,93.8,5107,"1,347,000","1,171,530",90,14/33,B
4417,グローバルセキュリティエキスパート,グロース,情報通信・サービスその他,情報･通信業,5.69,54.0,3435,"169,100","119,270",88,31/33,E
5290,ベルテクスコーポレーション,スタンダード,建設・資材,ガラス･土石製品,7.07,58.6,1575,"154,300","75,420",74,7/33,A
6971,京セラ,プライム,電機・精密,電気機器,6.48,123.3,3483,"19,705,500","6,084,705",91,3/33,A
7715,長野計器,プライム,電機・精密,精密機器,9.54,85.8,3285,"170,900","104,205",85,6/33,A
285A,キオクシアホールディングス,プライム,電機・精密,電気機器,7.46,3222.4,65850,"42,526,500","32,185,350",99,3/33,A
5706,三井金属,プライム,鉄鋼・非鉄,非鉄金属,5.91,1082.5,51630,"5,244,100","2,442,470",99,1/33,A
3436,ＳＵＭＣＯ,プライム,建設・資材,金属製品,19.30,332.1,3994,"21,624,300","15,551,260",99,21/33,D
319A,技術承継機構,グロース,建設・資材,金属製品,12.98,315.8,18110,"51,200","47,115",98,21/33,D
4061,デンカ,プライム,素材・化学,化学,11.09,147.2,4477,"2,406,700","1,068,240",94,14/33,B
3101,東洋紡,プライム,素材・化学,化学,5.72,114.5,1810,"2,144,200","795,170",90,14/33,B
5726,大阪チタニウムテクノロジーズ,プライム,鉄鋼・非鉄,非鉄金属,8.31,113.1,2920,"1,598,400","673,290",85,1/33,A
147A,ソラコム,グロース,情報通信・サービスその他,情報･通信業,7.62,48.4,1187,"319,100","115,630",82,31/33,E
4578,大塚ホールディングス,プライム,医薬品,医薬品,5.16,80.8,11715,"2,286,100","1,254,850",86,32/33,E
4419,Ｆｉｎａｔｅｘｔホールディングス,グロース,情報通信・サービスその他,情報･通信業,7.06,75.4,1349,"964,600","721,840",88,31/33,E
6996,ニチコン,プライム,電機・精密,電気機器,6.50,243.6,3770,"1,868,300","1,146,785",98,3/33,A
9268,オプティマスグループ,スタンダード,商社・卸売,卸売業,5.19,31.9,405,"488,400","366,980",67,20/33,C
6981,村田製作所,プライム,電機・精密,電気機器,12.73,378.9,9625,"75,663,400","18,587,785",99,3/33,A
6824,新コスモス電機,スタンダード,電機・精密,電気機器,7.33,117.2,4830,"18,500","15,315",94,3/33,A
6963,ローム,プライム,電機・精密,電気機器,7.48,298.6,5458,"7,891,900","7,021,550",99,3/33,A
268A,リガク・ホールディングス,プライム,電機・精密,精密機器,9.01,306.9,2807,"4,247,400","3,952,910",98,6/33,A
5233,太平洋セメント,プライム,建設・資材,ガラス･土石製品,5.62,37.9,4530,"1,436,900","827,595",60,7/33,A
6250,やまびこ,プライム,機械,機械,5.81,99.7,3915,"241,200","110,800",85,8/33,B
4022,ラサ工業,プライム,素材・化学,化学,5.53,227.5,1964,"2,481,400","1,679,985",95,14/33,B
4078,堺化学工業,プライム,素材・化学,化学,16.51,105.6,4940,"1,140,200","276,880",90,14/33,B
3994,マネーフォワード,プライム,情報通信・サービスその他,情報･通信業,7.23,57.2,4343,"857,900","549,820",84,31/33,E
3556,リネットジャパングループ,グロース,小売,小売業,5.00,132.0,819,"173,900","139,380",70,30/33,E
3156,レスター,プライム,商社・卸売,卸売業,5.45,86.7,4065,"158,300","100,200",90,20/33,C
9983,ファーストリテイリング,プライム,小売,小売業,5.04,91.2,82330,"1,610,600","1,206,100",86,30/33,E
6997,日本ケミコン,プライム,電機・精密,電気機器,15.98,411.0,5080,"2,453,900","1,192,915",99,3/33,A
6861,キーエンス,プライム,電機・精密,電気機器,6.56,54.0,80110,"1,485,600","1,091,100",75,3/33,A
6656,インスペック,スタンダード,電機・精密,電気機器,12.37,69.0,845,"372,100","138,500",79,3/33,A
5802,住友電気工業,プライム,鉄鋼・非鉄,非鉄金属,5.27,394.1,12585,"9,941,900","7,208,200",98,1/33,A
4098,チタン工業,スタンダード,素材・化学,化学,6.68,79.7,1325,"341,400","82,695",85,14/33,B
7220,武蔵精密工業,プライム,自動車・輸送機,輸送用機器,18.84,326.8,9460,"4,521,200","2,810,815",99,9/33,B
7564,ワークマン,スタンダード,小売,小売業,5.00,62.2,7980,"590,300","336,675",84,30/33,E
6203,豊和工業,スタンダード,機械,機械,6.77,86.8,1783,"6,707,600","321,910",82,8/33,B
6785,鈴木,プライム,電機・精密,電気機器,5.21,111.4,3430,"133,200","80,955",90,3/33,A
6498,キッツ,プライム,機械,機械,6.17,107.3,2237,"960,500","282,420",89,8/33,B
9551,メタウォーター,プライム,電気・ガス,電気･ガス業,9.38,76.8,3555,"376,000","173,030",83,17/33,C
6864,エヌエフホールディングス,スタンダード,電機・精密,電気機器,12.56,95.6,2043,"418,300","106,040",91,3/33,A
4063,信越化学工業,プライム,素材・化学,化学,5.64,82.5,7758,"15,831,800","8,402,425",88,14/33,B
4503,アステラス製薬,プライム,医薬品,医薬品,7.49,75.7,2283,"20,918,200","7,072,210",81,32/33,E
4062,イビデン,プライム,電機・精密,電気機器,16.51,814.2,23000,"10,164,100","8,863,240",99,3/33,A
6853,共和電業,スタンダード,電機・精密,電気機器,7.22,87.8,935,"236,300","113,785",87,3/33,A
7435,ナ・デックス,スタンダード,商社・卸売,卸売業,5.45,34.2,1160,"835,800","39,460",74,20/33,C
5019,出光興産,プライム,エネルギー資源,石油･石炭製品,6.39,70.4,1398,"11,955,600","5,312,640",80,10/33,B
7384,プロクレアホールディングス,プライム,銀行,銀行業,6.10,182.7,3915,"197,000","160,695",95,2/33,A
6762,ＴＤＫ,プライム,電機・精密,電気機器,8.22,179.9,4108,"28,286,900","15,116,360",98,3/33,A
6464,ツバキ・ナカシマ,プライム,機械,機械,6.19,51.1,429,"4,775,800","864,170",67,8/33,B
6994,指月電機製作所,スタンダード,電機・精密,電気機器,19.98,237.7,1315,"2,036,700","562,380",97,3/33,A
4800,オリコン,スタンダード,情報通信・サービスその他,情報･通信業,14.73,80.8,1332,"2,147,900","176,220",94,31/33,E
6327,北川精機,スタンダード,機械,機械,18.20,897.7,5910,"2,346,700","728,890",99,8/33,B
6479,ミネベアミツミ,プライム,電機・精密,電気機器,6.69,145.0,4562,"5,338,600","2,836,090",94,3/33,A
6999,ＫＯＡ,プライム,電機・精密,電気機器,8.46,252.8,2770,"2,248,400","689,985",97,3/33,A
6245,ヒラノテクシード,スタンダード,機械,機械,8.20,47.2,2006,"329,800","96,970",77,8/33,B
4840,トライアイズ,スタンダード,情報通信・サービスその他,サービス業,18.12,226.0,978,"170,000","110,680",99,28/33,E
6966,三井ハイテック,プライム,電機・精密,電気機器,15.87,81.2,1022,"9,429,100","2,438,110",81,3/33,A
4443,Ｓａｎｓａｎ,プライム,情報通信・サービスその他,情報･通信業,8.04,64.1,1679,"2,553,400","1,600,375",85,31/33,E
280A,ＴＭＨ,グロース,商社・卸売,卸売業,12.75,219.4,2820,"496,300","222,045",97,20/33,C
4028,石原産業,プライム,素材・化学,化学,9.18,100.5,3330,"1,247,800","575,270",86,14/33,B
4664,アール・エス・シー,スタンダード,情報通信・サービスその他,サービス業,5.22,76.0,887,"72,100","35,290",88,28/33,E
3687,フィックスターズ,プライム,情報通信・サービスその他,情報･通信業,21.97,126.3,2704,"8,120,300","1,664,320",95,31/33,E
5471,大同特殊鋼,プライム,鉄鋼・非鉄,鉄鋼,6.26,125.3,2078,"1,728,900","971,820",89,16/33,C
